from,to
Vis_right,node_1
Vis_right,node_2
Vis_right,node_3
Vis_right,node_4
Vis_right,node_5
Vis_right,node_6
Vis_right,node_7
Vis_right,node_8
Vis_right,node_9
Vis_right,node_10
Vis_right,node_11
Vis_right,node_12
Vis_right,node_13
Vis_right,node_14
Vis_right,node_15
SM_right,node_16
SM_right,node_17
SM_right,node_18
SM_right,node_19
SM_right,node_20
SM_right,node_21
SM_right,node_22
SM_right,node_23
SM_right,node_24
SM_right,node_25
SM_right,node_26
SM_right,node_27
SM_right,node_28
SM_right,node_29
SM_right,node_30
SM_right,node_31
SM_right,node_32
SM_right,node_33
SM_right,node_34
DAN_right,node_35
DAN_right,node_36
DAN_right,node_37
DAN_right,node_38
DAN_right,node_39
DAN_right,node_40
DAN_right,node_41
DAN_right,node_42
DAN_right,node_43
DAN_right,node_44
DAN_right,node_45
DAN_right,node_46
DAN_right,node_47
Sal_right,node_48
Sal_right,node_49
Sal_right,node_50
Sal_right,node_51
Sal_right,node_52
Sal_right,node_53
Sal_right,node_54
Sal_right,node_55
Sal_right,node_56
Sal_right,node_57
Sal_right,node_58
Lim_right,node_59
Lim_right,node_60
Lim_right,node_61
Lim_right,node_62
Lim_right,node_63
Lim_right,node_64
FPN_right,node_65
FPN_right,node_66
FPN_right,node_67
FPN_right,node_68
FPN_right,node_69
FPN_right,node_70
FPN_right,node_71
FPN_right,node_72
FPN_right,node_73
FPN_right,node_74
FPN_right,node_75
FPN_right,node_76
FPN_right,node_77
FPN_right,node_78
FPN_right,node_79
FPN_right,node_80
FPN_right,node_81
DMN_right,node_82
DMN_right,node_83
DMN_right,node_84
DMN_right,node_85
DMN_right,node_86
DMN_right,node_87
DMN_right,node_88
DMN_right,node_89
DMN_right,node_90
DMN_right,node_91
DMN_right,node_92
DMN_right,node_93
DMN_right,node_94
DMN_right,node_95
DMN_right,node_96
DMN_right,node_97
DMN_right,node_98
DMN_right,node_99
DMN_right,node_100
SubC_right,node_101
SubC_right,node_102
SubC_right,node_103
SubC_right,node_104
SubC_right,node_105
SubC_right,node_106
SubC_right,node_107
SubC_left,node_108
SubC_left,node_109
SubC_left,node_110
SubC_left,node_111
SubC_left,node_112
SubC_left,node_113
SubC_left,node_114
DMN_left,node_115
DMN_left,node_116
DMN_left,node_117
DMN_left,node_118
DMN_left,node_119
DMN_left,node_120
DMN_left,node_121
DMN_left,node_122
DMN_left,node_123
DMN_left,node_124
DMN_left,node_125
DMN_left,node_126
DMN_left,node_127
DMN_left,node_128
DMN_left,node_129
DMN_left,node_130
DMN_left,node_131
DMN_left,node_132
DMN_left,node_133
DMN_left,node_134
DMN_left,node_135
DMN_left,node_136
DMN_left,node_137
DMN_left,node_138
DMN_left,node_139
DMN_left,node_140
DMN_left,node_141
FPN_left,node_142
FPN_left,node_143
FPN_left,node_144
FPN_left,node_145
FPN_left,node_146
FPN_left,node_147
FPN_left,node_148
FPN_left,node_149
FPN_left,node_150
FPN_left,node_151
FPN_left,node_152
FPN_left,node_153
FPN_left,node_154
Lim_left,node_155
Lim_left,node_156
Lim_left,node_157
Lim_left,node_158
Lim_left,node_159
Lim_left,node_160
Sal_left,node_161
Sal_left,node_162
Sal_left,node_163
Sal_left,node_164
Sal_left,node_165
Sal_left,node_166
Sal_left,node_167
Sal_left,node_168
Sal_left,node_169
Sal_left,node_170
Sal_left,node_171
DAN_left,node_172
DAN_left,node_173
DAN_left,node_174
DAN_left,node_175
DAN_left,node_176
DAN_left,node_177
DAN_left,node_178
DAN_left,node_179
DAN_left,node_180
DAN_left,node_181
DAN_left,node_182
DAN_left,node_183
DAN_left,node_184
SM_left,node_185
SM_left,node_186
SM_left,node_187
SM_left,node_188
SM_left,node_189
SM_left,node_190
SM_left,node_191
SM_left,node_192
SM_left,node_193
SM_left,node_194
SM_left,node_195
SM_left,node_196
SM_left,node_197
SM_left,node_198
SM_left,node_199
SM_left,node_200
Vis_left,node_201
Vis_left,node_202
Vis_left,node_203
Vis_left,node_204
Vis_left,node_205
Vis_left,node_206
Vis_left,node_207
Vis_left,node_208
Vis_left,node_209
Vis_left,node_210
Vis_left,node_211
Vis_left,node_212
Vis_left,node_213
Vis_left,node_214
